claim,label
"A diminished ovarian reserve is a very strong indicator of infertility, even in an a priori non-infertile population.",CONTRADICT
A high microerythrocyte count raises vulnerability to severe anemia in homozygous alpha (+)- thalassemia trait subjects.,CONTRADICT
A mutation in HNF4A leads to an increased risk of developing diabetes by the age of 14 years.,SUPPORT
ADAR1 binds to Dicer to cleave pre-miRNA.,SUPPORT
AMP-activated protein kinase (AMPK) activation reduces inflammation-related fibrosis in the lungs.,SUPPORT
Activated Cdk5 phosphorylates the ATM protein in response to DNA damage.,SUPPORT
Activation of PPM1D enhances p53 function.,CONTRADICT
Activation of the Rac1 homolog CED-10 kills viable cells in SRGP-1 mutant Caenorhabditis elegans.,SUPPORT
Active Ly49Q prevents neutrophil polarization.,CONTRADICT
Active caspase-11 protein promotes pyroptosis.,SUPPORT
Aggravated inflammation is dependent on NLRP3 inflammasome activation.,SUPPORT
Alirocumab treatment reduces apo(a) fractional clearance rate.,CONTRADICT
Allogeneic mechanical circulatory support is not as effective as autologous mechanical circulatory support for treating acute myocardial infarction.,CONTRADICT
Antimicrobial agents are less effective due to the pressure of antimicrobial usage.,SUPPORT
Antiretroviral therapy increases rates of tuberculosis across a broad range of CD4 strata.,CONTRADICT
Articles published in open access format are less likely to be cited than traditional journals.,CONTRADICT
"Assembly of invadopodia is triggered by focal generation of phosphatidylinositol-3,4-biphosphate and the activation of the nonreceptor tyrosine kinase Src.",SUPPORT
Auditory entrainment is strengthened when people see congruent visual and auditory information.,SUPPORT
Bariatric surgery increases rates of colorectal cancer.,SUPPORT
Bariatric surgery leads to negative outcomes in mental health.,CONTRADICT
COPI coatmer is involved in lipid homeostasis.,SUPPORT
Cardiac tissue-resident macrophages directly contribute to electrical activity.,SUPPORT
Cell autonomous sex determination in somatic cells occurs in Galliformes.,SUPPORT
Cellular clocks are not predictive of mitosis timing in NIH 3T3 cells.,CONTRADICT
Charcoal is an effective treatment for acute paraquat poisoning.,CONTRADICT
Chenodeosycholic acid treatment increases whole-body energy expenditure.,SUPPORT
Chenodeoxycholic acid treatment decreases brown adipose tissue activity.,CONTRADICT
"Cholesterol loading induces KLF4 expression in VSMCs, resulting in the expression of pro-inflammatory cytokines.",SUPPORT
Clathrin stabilizes the spindle fiber apparatus during mitosis.,SUPPORT
Combining phosphatidylinositide 3-kinase and MEK 1/2 inhibitors is effective at treating KRAS mutant tumors.,SUPPORT
Comparative transcriptome analysis identified new platelet proteins with structural features suggesting a role in platelet function.,SUPPORT
Converting apoE4 to apoE3 by gene editing worsens the pathology associated with apoE4 in human iPSCderived neurons.,CONTRADICT
Cost effectiveness evaluations based on cRCT data accurately reflect prices for patients in actual clinical practice.,CONTRADICT
DRD1 proteins enable Pol V transcription in vivo.,SUPPORT
Depletion of T-helper 17 (Th17) cells during simian immunodeficiency virus (SIV) infection increases dissemination of Salmonella Typhimurium from the gut.,SUPPORT
Diabetes remission occurs more in people treated with conventional therapy than in people treated with laparoscopic adjustable gastric banding surgery.,CONTRADICT
Diabetic patients with acute coronary syndrome experience increased short-term and long-term risk for bleeding events.,SUPPORT
Differentiation of progenitor cells to myeloid cells is skewed when insulin signaling is suppressed.,SUPPORT
Egr2 regulates the homeostasis of B and T cells.,SUPPORT
Environmentally-induced senescence is mimicked in disease modeling by adding specific molecules to the culture system.,SUPPORT
Epigenetic modulating agents (EMAs) modulate antitumor immune response in a cancer model system.,SUPPORT
Exercise reduces cancer mortality rates among Chinese citizens.,SUPPORT
Female carriers of the Apolipoprotein E4 (APOE4) allele have increased risk for dementia.,SUPPORT
Forkhead 0 (fox0) transcription factors are involved in apoptosis.,SUPPORT
Forkhead 0 (fox0) transcription factors are involved in cellular differentiation.,SUPPORT
GATA-3 is important for hematopoietic stem cell (HSC) function.,SUPPORT
GATA3 regulates self-renewal capacity in bone marrow hematopoietic stem cells.,SUPPORT
Gene expression does not vary appreciably across genetically identical cells.,CONTRADICT
"Glioblastoma multiforme (GBM) is characterized by extensive invasion, rapid growth, necrosis, and angiogenesis.",SUPPORT
Gpr124 increases BBB breakdown in mouse models of ischemic stroke.,CONTRADICT
Gpr124 suppresses BBB breakdown in mouse models of ischemic stroke.,SUPPORT
Headaches are not correlated with cognitive impairment.,SUPPORT
High levels of CRP reduces the risk of exacerbations in chronic obstructive pulmonary disease (COPD).,CONTRADICT
"Human embryonic stem cells give rise to cell types from the outer embryonic germ layer, but not the other two layers.",CONTRADICT
Hyperfibrinogenemia increases rates of femoropopliteal bypass thrombosis.,SUPPORT
Hypocretin neurones induce panicprone state in rats.,SUPPORT
Hypothalamic glutamate neurotransmission is unrelated to energy balance.,CONTRADICT
IgA plasma cells that are specific for transglutaminase 2 are scarce in the duodenal mucosa of celiac disease patients when the disease is active.,CONTRADICT
"In S. cerevisiae, the absence of RNA surveillance pathways reduces sensitivity to high iron conditions.",CONTRADICT
"In adult tissue, most T cells are memory T cells.",SUPPORT
"In breast cancer, the loss of myoepithelial cells promotes the transition of ductal carcinoma in situ to invasive carcinoma.",SUPPORT
"In rhesus macaques, daily subcutaneous injections of tenofovir protects against rectally transmitted simian-human immunodeficiency virus.",SUPPORT
Incidence rates of cervical cancer have decreased.,SUPPORT
Including pharmacists in rounding teams does not alter the incidence of adverse drug events (ADEs).,CONTRADICT
Including pharmacists in rounding teams reduces the incidence of adverse drug events (ADEs).,SUPPORT
Increased microtubule acetylation repairs LRRK2 Roc-COR domain mutation induced locomotor deficits.,SUPPORT
Increased microtubule acetylation repairs interference of axonal transport caused by LRRK2 Roc-COR domain mutations.,SUPPORT
Induced hepatic stem cells possess the potential to differentiate into cholangiocytic cells.,SUPPORT
Induced hepatic stem cells possess the potential to differentiate into hepatocytic cells.,SUPPORT
Inhibiting focal adhesion formation increases the rate at which cells convert mechanical strain into inflammation and fibrosis.,CONTRADICT
Integrated care is ineffective at tackling multiple comorbidities.,CONTRADICT
JMJD6 catalyzes the hydroxylation of C-terminal lysine and supresses transcriptional activity.,SUPPORT
JMJD6 slows the hydroxylation of C-terminal lysine,CONTRADICT
Klf2 is important for proper myeloid cell function.,SUPPORT
Klf4 is important for proper myeloid cell differentiation.,SUPPORT
Knockout proximal tubule-specific deletion of the BMP receptor Alk3 causes fibrosis.,SUPPORT
Lice attenuated SIV vaccines induce a stronger antigen-specific T cell response in lymph node cells.,SUPPORT
Low nucleosome occupancy correlates with high methylation levels across species.,SUPPORT
Macrolides have no protective effect against myocardial infarction.,SUPPORT
MafA ubiquitination decreases the recruitment of coavtivator P/CAF by MafA.,CONTRADICT
Medications to treat obesity do not have side effects.,CONTRADICT
Mice that lack Interferon-γ or its receptor are highly susceptible to experimental autoimmune myocarditis.,SUPPORT
Microcin J25 inhibits nucleoside triphosphate (NTP) binding.,SUPPORT
Migraine with aura is associated with ischemic stroke.,SUPPORT
Mitochondria play a major role in apoptosis.,SUPPORT
Monoclonal antibody targeting of N-cadherin inhibits growth.,SUPPORT
Monoclonal antibody targeting of N-cadherin inhibits metastasis.,SUPPORT
Nonhypertensive people who are 55 years old have a 90% chance of developing hypertension during their lifetime.,SUPPORT
Normal granulomas form in the presence of TNF in Zebrafish.,CONTRADICT
Notch signaling occurs between tumor cells and stromal cells.,SUPPORT
Oat tolerant coeliac patients may have oat specific inflammatory cells in their small bowel mucosa.,SUPPORT
Occupancy of ribosomes by IncRNAs do not make functional peptides.,CONTRADICT
One in five surgical randomized controlled trials are discontinued early.,SUPPORT
Participating in six months of physical activity improves cognitive functioning.,SUPPORT
Patients in stable partnerships progress from HIV to death at the same rate as patients not in partnerships.,CONTRADICT
Patients with common epithelial cancers  are more likely to have an emergency event as their first hospital admission if they live in resource-deprived areas.,SUPPORT
Pioglitazone use is not associated with an increased risk of prostate cancer.,CONTRADICT
Pre-mRNAs associated with spliceosomal components are more stable than unassociated splicing substrates.,SUPPORT
Primary cervical cancer screening with HPV detection has lower longitudinal sensitivity than conventional cytology to detect cervical intraepithelial neoplasia grade 2.,CONTRADICT
Pyridostatin decreases telomere fragility in BRCA2-deficient cells.,CONTRADICT
Pyridostatin deregulates G2/M progression.,SUPPORT
Pyridostatin prevents double-strand breaks accumulation.,CONTRADICT
Pyridostatin stabilizes the G - quadruplex in the telomeric region.,SUPPORT
RAD52 is involved in break-induced DNA replication (BIR).,SUPPORT
RTEL1 interacts with TRF2 through a C4C4 motif,SUPPORT
Rapamycin delays aging in fruit flies.,SUPPORT
Reducing H3k4me3 methylation induces mouse epiblast stem cells to naive pluripotency efficiently.,SUPPORT
Replacement of histone H2A with H2A.Z accelerates gene activation in yeasts by destabilizing +1 nucleosomes.,SUPPORT
Rhythmic expression of Cry1 translates directly into a circadian regulation of cAMP signaling in gluconeogenesis.,SUPPORT
Ribosomopathies have a low degree of cell and tissue specific pathology.,CONTRADICT
Risk-adjusted mortality rates are similar in teaching and non-teaching hospitals.,SUPPORT
Satellite cell dysfunction is a key factor in sarcopenia development.,CONTRADICT
Silencing of Bcl2 is important for the maintenance and progression of tumors.,CONTRADICT
Stiff substrates encourage mesodermal differentiation by degrading beta-catenin in an integrin-dependent manner.,CONTRADICT
Suboptimal nutrition is a leading cause of premature death,SUPPORT
Surgical treatment is not superior to non-surgical in treating adults with displaced fractures of the proximal humerus.,SUPPORT
Systemic lupus erythematosus is a risk factor for cardiovascular disease.,SUPPORT
The NF-κB essential modulator gene induces intestinal inflammation by promoting receptor-interacting protein (RIP) kinase 1 kinase activity-mediated epithelial cell death.,CONTRADICT
The NF-κB essential modulator gene prevents intestinal inflammation by inhibiting receptor-interacting protein (RIP) kinase 1 kinase activity-mediated epithelial cell death.,SUPPORT
The Snf1 complex regulates carbon and energy metabolism in baker's yeast (Saccharomyces cerevisiae).,SUPPORT
The YAP1 and TEAD complex tanslocates into the nucleus where it interacts with transcription factors and DNA-binding proteins that modulate target gene transcription.,SUPPORT
The extracellular domain of TMEM27 is cleaved in human beta cells.,SUPPORT
The generation of reactive oxygen species by activated oncogenes contributes to the increased genomic instability of leukaemia cells.,SUPPORT
The genomic aberrations found in matasteses are very similar to those found in the primary tumor.,CONTRADICT
The innate immune response struggles to remove small numbers of parasites.,CONTRADICT
The locus rs647161 is associated with colorectal carcinoma.,SUPPORT
The mean suicide rate in women is higher after miscarriage than live birth.,SUPPORT
The minor G allele of FOXO3 downregulates pro-inflammatory cytokines.,SUPPORT
The myocardial cell lineage originally develops from cardiac progenitors of exclusively endodermal origin.,CONTRADICT
The risk of male prisoners harming themselves is ten times that of female prisoners.,CONTRADICT
The sliding activity of kinesin-8 protein Kip3 promotes bipolar spindle assembly.,SUPPORT
There was an estimated 30 million cases of pneumonia in young children worldwide in 2010.,SUPPORT
Thigh-length graduated compression stockings (GCS) did not reduce deep vein thrombosis in patients admitted to hospital who are immobile because of acute stroke.,SUPPORT
Upregulation of dynein in Drosophila neurons increases the number of microtubule plus-ends growing toward the cell body of each neuron.,CONTRADICT
Varying expression levels of EBI2 affect the positioning and migration of B cells.,SUPPORT
VgrG (Tssl) protein punctures membranes by forming a spike at the tip of the tube apparatus.,SUPPORT
Whole brain radiotherapy increases the occurrence of new brain metastases.,CONTRADICT
miR-142-5P is a temperature-sensitive microRNA (miRNA).,SUPPORT
siRNA knockdown of A20 accelerates tumor progression in an in vivo murine xenograft model.,CONTRADICT
1 in 5 million in UK have abnormal PrP positivity.,CONTRADICT
"1,000 genomes project enables mapping of genetic sequence variation consisting of rare variants with larger penetrance effects than common variants.",SUPPORT
1/2000 in UK have abnormal PrP positivity.,SUPPORT
32% of liver transplantation programs required patients to discontinue methadone treatment in 2001.,SUPPORT
40mg/day dosage of folic acid and 2mg/day dosage of vitamin B12 does not affect chronic kidney disease (CKD) progression.,SUPPORT
76-85% of people with severe mental disorder receive no treatment in low and middle income countries.,SUPPORT
A T helper 2 cell (Th2) environment impedes disease development in patients with systemic lupus erythematosus (SLE).,CONTRADICT
A breast cancer patient's capacity to metabolize tamoxifen influences treatment outcome.,SUPPORT
A country's Vaccine Alliance (GAVI) eligibility is not indictivate of accelerated adoption of the Hub vaccine.,CONTRADICT
A deficiency of folate increases blood levels of homocysteine.,SUPPORT
A diminished ovarian reserve does not solely indicate infertility in an a priori non-infertile population.,SUPPORT
A high microerythrocyte count protects against severe anemia in homozygous alpha (+)- thalassemia trait subjects.,SUPPORT
A single nucleotide variant the gene DGKK is strongly associated with increased risk of hypospadias.,SUPPORT
A strong bias in the phage genome locations where the spacers were derived has been observed in many CRISPR subtypes that confer the immunity to phage.,SUPPORT
"A total of 1,000 people in the UK are asymptomatic carriers of vCJD infection.",CONTRADICT
AIRE is expressed in some skin tumors.,SUPPORT
ALDH1 expression is associated with better breast cancer outcomes.,CONTRADICT
ALDH1 expression is associated with poorer prognosis for breast cancer primary tumors.,SUPPORT
ALDH1 expression is associated with poorer prognosis in breast cancer.,SUPPORT
AMP-activated protein kinase (AMPK) activation increases inflammation-related fibrosis in the lungs.,CONTRADICT
APOE4 expression in iPSC-derived neurons increases AlphaBeta production and tau phosphorylation causing GABA neuron degeneration.,SUPPORT
"APOE4 expression in iPSC-derived neurons increases AlphaBeta production and tau phosphorylation, delaying GABA neuron degeneration.",CONTRADICT
APOE4 expression in iPSC-derived neurons results in decreased tau phosphorylation.,CONTRADICT
ART has no effect on the infectiveness of HIV-positive people.,CONTRADICT
ART substantially reduces infectiveness of HIV-positive people.,SUPPORT
Activated Cdk5 regulates DNA damage-induced neuronal death.,SUPPORT
Activation of PPM1D suppresses p53 function.,SUPPORT
Active Ly49Q induces neutrophil polarization.,SUPPORT
Active caspase-11 participate in regulating phagosome-lysosome fusion.,SUPPORT
Adult tissue-resident macrophages are seeded before birth.,SUPPORT
Adult tissue-resident macrophages possess a self-renewing capacity.,SUPPORT
All hematopoietic stem cells segregate their chromosomes randomly.,SUPPORT
Alteration of origin firing causes changes in termination zones of Okazaki fragments.,CONTRADICT
Ambulatory blood pressure monitoring is inaccurate at diagnosing hypertension.,CONTRADICT
Amitriptyline is an effective treatment for chronic tension-type headaches.,SUPPORT
An M2-like phenotype in brown adipose tissue macrophages is quickly induced by cold exposure.,SUPPORT
Androgenetic haploid mouse embryonic stem cells (ESCs) can be derived and genetically manipulated in vitro.,SUPPORT
Angiotensin converting enzyme inhibitors are associated with decreased risk for functional renal insufficiency.,CONTRADICT
Angiotensin converting enzyme inhibitors are associated with increased risk for functional renal insufficiency.,SUPPORT
Anthrax spores are very difficult to dispose once they are dispersed.,SUPPORT
Anthrax spores can be disposed of easily after they are dispersed.,CONTRADICT
Anthrax spores remain deadly until affected areas are decontaminated.,SUPPORT
Antibiotic induced alterations in the gut microbiome reduce resistance against Clostridium difficile,SUPPORT
Antidepressants increase the severity of migraines.,CONTRADICT
Antidepressants reduce the severity of migraines.,SUPPORT
Antimicrobial agents are more effective due to the pressure of antimicrobial usage.,CONTRADICT
Antiretroviral therapy reduces rates of tuberculosis across a broad range of CD4 strata.,SUPPORT
Articles published in open access format are more likely to be cited than traditional journals.,SUPPORT
Asymptomatic visual impairment screening in elderly populations does not lead to improved vision.,SUPPORT
Asymptomatic visual impairment screening in elderly populations leads to improved vision.,CONTRADICT
Autologous transplantation of mesenchymal stem cells causes a higher rate of opportunistic infections than induction therapy with anti-interleukin-2 receptor antibodies.,CONTRADICT
Autologous transplantation of mesenchymal stem cells causes fewer opportunistic infections than induction therapy with anti-interleukin-2 receptor antibodies.,SUPPORT
Autologous transplantation of mesenchymal stem cells has better graft function than induction therapy with anti-interleukin-2 receptor antibodies.,SUPPORT
Autologous transplantation of mesenchymal stem cells has lower rates of rejection than induction therapy with anti-interleukin-2 receptor antibodies.,SUPPORT
Autophagy declines in aged organisms.,SUPPORT
Autophagy deficiency in the liver increases vulnerability to insulin resistance.,CONTRADICT
B cells go though plasmablast differentiation and antibody production by continuous expression of EBI2.,SUPPORT
BCL-2 activation antagonizes the apoptotic effects of c-Myc.,SUPPORT
BCL-2 promotes the apoptotic effects of c-Myc.,CONTRADICT
BLM gene encodes RecQ-class DNA helicase.,SUPPORT
BRCA 1 mutation carriers' risk of breast and ovarian cancer depends on where the mutation is located.,SUPPORT
Bacterial meningitis can be diagnosed on the basis of positive cerebrospinal fluid (CSF) cultures.,SUPPORT
Bariatric surgery has a positive impact on mental health.,SUPPORT
Bariatric surgery increases rates of postmenopausal breast cancer.,SUPPORT
Bariatric surgery leads to positive outcomes in mental health.,SUPPORT
Bariatric surgery reduces colorectal cancer.,CONTRADICT
Bariatric surgery reduces postmenopausal breast cancer.,CONTRADICT
Basophils counteract disease development in patients with systemic lupus erythematosus (SLE).,CONTRADICT
Basophils promote disease development in patients with systemic lupus erythematosus (SLE).,SUPPORT
Binding of p53 to enhancer regions (p53BERs) regulates the activity of p53 transcription and cell cycle arrest through the production of p53-dependent eRNAs.,SUPPORT
Birth-weight is negatively associated with breast cancer.,CONTRADICT
Birth-weight is positively associated with breast cancer.,SUPPORT
Blocking the interaction between TDP-43 and respiratory complex I proteins ND3 and ND6 leads to increased TDP-43-induced neuronal loss.,CONTRADICT
Blocking the interaction between TDP-43 and respiratory complex I proteins ND3 and ND6 prevents TDP-43-induced neuronal loss.,SUPPORT
Bone marrow cells contribute to adult macrophage compartments.,CONTRADICT
Bone marrow cells don't contribute to adult macrophage compartments.,SUPPORT
Breast cancer development is determined exclusively by genetic factors.,CONTRADICT
Broadly HIV-1 Neutralizing Antibodies (bnAb) 10EB have no affinity for phospholipids.,SUPPORT
C2 works synergistically with A-769662 to activate dephosphorylated AMPK.,SUPPORT
CCL19 is a ligand for CCR7.,SUPPORT
"CD28 initiates tonic signaling in conventional T cells, which causes an exhaustion phenotype and limited efficiency.",SUPPORT
CD28 signals regulate trafficking of murine auto-reactive T cells into target tissues.,SUPPORT
CD44v6 is not associated with constitutive and reprogrammed cancer stem cells driving cancer metastasis.,CONTRADICT
CHEK2 is not associated with breast cancer.,SUPPORT
CR is associated with higher methylation age.,CONTRADICT
CX3CR1 on the Th2 cells impairs T cell survival,CONTRADICT
CX3CR1 on the Th2 cells promotes T cell survival,SUPPORT
CX3CR1 on the Th2 cells promotes airway inflammation.,SUPPORT
CX3CR1 on the Th2 cells suppresses airway inflammation.,CONTRADICT
Ca2+ cycling controls whole-body energy homeostasis in beige fat.,SUPPORT
Ca2+ cycling is a UCP1-dependent thermogenic mechanism.,CONTRADICT
Ca2+ cycling is a UCP1-independent thermogenic mechanism.,SUPPORT
Cancer cells can stimulate the accumulation of intra-tumoural myeloid-derived suppressor cells by promoting granulocyte colony stimulating factor production.,SUPPORT
Cancers that initially benefit from epidermal growth factor receptor targeted therapies later become refractory through several mechanisms.,SUPPORT
Carriers of the alcohol aldehyde dehydrogenase deficiency mutation drink less that non-carries.,SUPPORT
Cell autonomous sex determination in somatic cells does not occur in Galliformes.,CONTRADICT
Cell autonomous sex determination in somatic cells occurs in Passeriformes.,SUPPORT
Cellular aging closely links to an older appearance.,SUPPORT
Cellular clocks are associated with mitosis timing in NIH 3T3 cells.,SUPPORT
"Cellular differentiation of embryonic stem cells is accompanied by changes in replication timing, transcription and nuclear localization.",SUPPORT
Charcoal shows no benefit for acute paraquat poisoning.,SUPPORT
Chenodeosycholic acid treatment reduces whole-body energy expenditure.,CONTRADICT
Chenodeoxycholic acid treatment increases brown adipose tissue activity.,SUPPORT
Chlamydia trachomatis is most prevalent in the UK among sexually-experienced individuals aged 16 to 24.,SUPPORT
"Chronic aerobic exercise alters endothelial function, improving vasodilating mechanisms mediated by NO.",SUPPORT
Citrullinated proteins externalized in neutrophil extracellular traps act indirectly to disrupt the inflammatory cycle.,CONTRADICT
Citrullinated proteins externalized in neutrophil extracellular traps act indirectly to perpetuate the inflammatory cycle via induction of autoantibodies.,SUPPORT
Cnn1 recruitment varies with cell cycle timing.,SUPPORT
Cognitive behavioral therapy is an ineffective treatment for insomnia,CONTRADICT
Combination nicotine replacement therapies with varenicline or bupropion are more effective after 12 weeks of reatment compared to varenicline monotherapy.,SUPPORT
Combination nicotine replacement therapies with varenicline or bupropion lead to significantly higher long-term abstinence rates at 52 weeks than varenicline monotherapy.,CONTRADICT
"Commelina yellow mottle virus (ComYMV) has three typical badnavirus ORFs, capable of encoding proteins 23, 15, and 216 kD.",SUPPORT
Commelina yellow mottle virus' (ComYMV) genome consists of 2140 baise pairs.,CONTRADICT
Commelina yellow mottle virus' (ComYMV) genome consists of 7489 baise pairs.,SUPPORT
Consumption of whole fruits increases the risk of type 2 diabetes.,CONTRADICT
Converting apoE4 to apoE3 by gene editing prevents the pathology associated with apoE4 in human iPSCderived neurons.,SUPPORT
Cost effectiveness evaluations based on cRCT data lack external validity.,SUPPORT
Crosstalk between dendritic cells (DCs) and innate lymphoid cells (ILCs) is important in the regulation of intestinal homeostasis.,SUPPORT
Cyclin A2 destruction is necessary to switch from unstable to stable kt-mt attachments in mitosis.,SUPPORT
Cytochrome c is released from the mitochondrial intermembrane space to cytosol during apoptosis.,SUPPORT
Cytochrome c is transferred from cytosol to the mitochondrial intermembrane space during apoptosis.,CONTRADICT
DUSP4 decreases apoptosis.,CONTRADICT
DUSP4 downregulation deactivates the Ras-ERK pathway,CONTRADICT
DUSP4 increases apoptosis.,SUPPORT
Deamination of cytidine to uridine on the minus strand of viral DNA results in catastrophic G-to-A mutations in the viral genome.,SUPPORT
Decreased diastolic blood pressure (DBP) is associated with abdominal aortic aneurysm.,CONTRADICT
Deletion of αvβ8 does not result in a spontaneous inflammatory phenotype.,SUPPORT
Deltex has no known interactions with eIF3f.,CONTRADICT
Deltex interacts with eIF3. There is no known interaction between Deltex and elF3,CONTRADICT
Depletion of T-helper 17 (Th17) cells during simian immunodeficiency virus (SIV) infection decreases dissemination of Salmonella Typhimurium from the gut.,CONTRADICT
Depletion of nitric oxide is responsible for vasospasm.,SUPPORT
Deregulation of HAND2 is a crucial step in endometrial carcinogenesis in mice.,SUPPORT
Dexamethasone decreases risk of postoperative bleeding.,CONTRADICT
Dexamethasone increases risk of postoperative bleeding.,SUPPORT
Diabetes remission occurs less in people treated with conventional therapy than in people treated with laparoscopic adjustable gastric banding surgery.,SUPPORT
Diabetic patients with acute coronary syndrome experience decreased short-term and long-term risk for bleeding events.,CONTRADICT
Differentiation of progenitor cells to myeloid cells is skewed upon activation of insulin signaling.,CONTRADICT
Diminished ovarian reserve is a reliable indicator of infertility in a non-infertile population.,CONTRADICT
Drosophila supracellular actomyosin structures are found at boundaries in wing imaginal discs.,SUPPORT
Dscam1 acts as a hypervariable pattern-recognition receptor for the immune system.,SUPPORT
ERAP1 SNPs are epistatic to HLA alleles for ankylosing spondylitis.,SUPPORT
Early patent ductus ateriosus (PDA) screening decreases in-hospital mortality.,SUPPORT
Early patent ductus ateriosus (PDA) screening increases in-hospital mortality.,CONTRADICT
"Ectopic expression of Sall4, Nanog, Esrrb, and Lin28 generates induced pluripotent stem cells from mouse embryonic fibroblasts more efficiently than other factor combinations.",SUPPORT
Egr3 regulates the homeostasis of B and T cells.,SUPPORT
Eilat virus (EILV) produced in mosquitos elicits rapid and long-lasting neutralizing antibodies in nonhuman primates.,SUPPORT
Elevated cell-free mitochondrial DNA levels are associated with mortality.,SUPPORT
Energy balance requires hypothalamic glutamate neurotransmission.,SUPPORT
Enhanced early production of inflammatory chemokines damages viral control in the lung.,CONTRADICT
Enhanced early production of inflammatory chemokines improves viral control in the lung.,SUPPORT
Environmental factors can influence the development of breast cancer.,SUPPORT
Errors in peripheral IV drug administration are most common during bolus administration and multiple-step medicine preparations.,SUPPORT
Excess gestational weight gain is associated with obesity-related pregnancy outcomes.,SUPPORT
Exercise increases cancer mortality rates among Chinese citizens.,CONTRADICT
Exposure to fine particulate air pollution is relate to anxiety prevalence.,SUPPORT
Exposure to fine particulate air pollution is unrelated to anxiety prevalence.,CONTRADICT
Female carriers of the Apolipoprotein E4 (APOE4) allele have decreased risk for dementia.,CONTRADICT
Female carriers of the Apolipoprotein E4 (APOE4) allele have increased risk for Alzheimer's disease.,SUPPORT
Female carriers of the Apolipoprotein E4 (APOE4) allele have longer lifetime exposure to estrogen due to an increased reproductive period.,SUPPORT
Female carriers of the Apolipoprotein E4 (APOE4) allele have shorter lifetime exposure to estrogen due to a decreased reproductive period.,CONTRADICT
Fibroblast growth factor 21 protects against atherosclerosis by modulating adiponectin and SREBP2 levels.,SUPPORT
FoxO3a activation in neuronal death is inhibited by reactive oxygen species (ROS).,CONTRADICT
FoxO3a activation in neuronal death is mediated by reactive oxygen species (ROS).,SUPPORT
Foxk2 regulates autophagy genes in muscle cells and fibroblast cells.,SUPPORT
Free histones are degraded by a Rad53-dependent mechanism once DNA has been replicated.,SUPPORT
G-CSF increases the expansion and infiltration of MDSCs into tumors.,SUPPORT
GATA3 regulates cell cycle progression in bone marrow hematopoietic stem cells.,SUPPORT
Gastric infection with Helicobacter pylori decreases risk of gastric cancer in humans.,CONTRADICT
Gastric infection with Helicobacter pylori increases risk of gastric cancer in humans.,SUPPORT
General exercise therapy is more effective than rotator cuff exercises in reducing pain and improving function of the shoulder.,CONTRADICT
General exercise therapy is more effective than scapular stabilizer exercises in reducing pain and improving function of the shoulder.,CONTRADICT
Genes involved in pre-mRNA splicing have a significant impact on genome stability.,SUPPORT
Genetic deficiency of mast cells leads to decreased weight gain in a mouse model of diet-induced obesity.,SUPPORT
Genetic deletion of JAM-A increases gut permeability.,SUPPORT
Genomic aberrations of metastases provide information for targeted therapy.,SUPPORT
Genomic sequences involved in alternative splicing responsible for Hutchinson-Gilford progeria syndrome (HGPS) are abundant in the ''progerinonly'' allele of Lmna knock-in models.,CONTRADICT
Glial calcium waves influence seizures.,SUPPORT
Glycolysis is one of the primary glycometabolic pathways in cells.,SUPPORT
Guanine nucleotide exchange factors (GEFs) mediate RhoA activation in response to tensional forces on fibronectin-binding integrins.,SUPPORT
H.pylori-mediated gastric cancer occurs due to the accumulation of mutations in host epithelial cells.,SUPPORT
HAND2 methylation is a key step in early endometrial carcinogenesis.,SUPPORT
Having a main partner improves HIV outcomes.,SUPPORT
Having a main partner worsens HIV outcomes.,CONTRADICT
HbA1c consistently overestimates glycemic control in black individuals with Sickle cell trait (SCT).,CONTRADICT
Headaches are correlated with cognitive impairment.,CONTRADICT
Healthy volunteers exhibit rapid and transient increase of cellular ATP after being bolus-injected with fructose.,CONTRADICT
Helicobacter pylori-induced aberrant NF-kB-dependent expression of activation-induced cytidine deaminase contributes to the mutagenesis of host DNA.,SUPPORT
Helminths interfere with immune system control of coinfections by microbial pathogens 16.,SUPPORT
High cardiopulmonary fitness causes increased mortality rate.,CONTRADICT
High levels of CRP lead to a higher risk of exacerbations in chronic obstructive pulmonary disease (COPD).,SUPPORT
High-sensitivity cardiac troponin T (HSCT-T) dosage may not be diagnostic if the onset of symptoms occurs less than 3 hours before acute myocardial injury (AMI).,SUPPORT
"Higher plasma levels of I-carnitine, when associated with trimethylamine N-oxide, are negatively correlated with cardiovascular events in humans.",CONTRADICT
"Higher plasma levels of I-carnitine, when associated with trimethylamine N-oxide, are positively correlated with cardiovascular events in humans.",SUPPORT
Histone demethylase recruitment and a transient decrease in histone methylation is necessary for ligand-dependent induction of transcription by nuclear receptors.,SUPPORT
Human T-lymphotropic virus type-I-associated myelopathy / tropical spastic paraparesis (HAM/TSP) patients produce Immunoglobulin G (IgG) antibodies which cross-react with an immunodominant epitope in Tax.,SUPPORT
Human embryonic stem cells give rise to cell types from all three embryonic germ layers.,SUPPORT
Human embryonic stem cells have the capacity to give rise to differentiated progeny representative of all three embryonic germ layers.,SUPPORT
Hyperfibrinogenemia decreases rates of femoropopliteal bypass thrombosis.,CONTRADICT
Hypocretin neurones suppress panicprone state in rats.,CONTRADICT
Hypoglycemia increases the risk of dementia.,SUPPORT
Hypothalamic glutamate neurotransmission is crucial to energy balance.,SUPPORT
"IFI16 impedes STING phosphorylation and translocation, resulting in reduced activation of STING.",CONTRADICT
IL-10 production by monocytes inhibits CD4 + T cell response.,SUPPORT
IL-6 signaling plays a major role in atherosclerotic cardiovascular disease.,SUPPORT
IRG1 has antiviral effects against neurotropic viruses.,SUPPORT
Immune responses in immune cells are geographically segregated.,SUPPORT
Improvements in OER catalysts show stable activity over several hundred hours.,SUPPORT
"In British Men, haplogroup I decreases risk of cardiovascular disease.",CONTRADICT
"In British Men, haplogroup I increases risk of cardiovascular disease by 50%.",SUPPORT
"In S. cerevisiae, the absence of RNA surveillance pathways causes sensitivity to high iron conditions.",SUPPORT
"In a naive state, blocking Wingless-Int-1 secretion from mouse embryonic stem cells inhibits self-renewal of the mouse embryonic stem cells.",SUPPORT
"In breast cancer, the loss of myoepithelial cells slows the transition of ductal carcinoma in situ to invasive carcinoma.",CONTRADICT
"In melanoma, anti-CTLA-4 treatment reinvigorates exhausted PD-1+Eomes+CD8 T cells.",SUPPORT
"In mouse models, the loss of CSF1R facilitates MOZ-TIF2-induced leuekmogenesis.",CONTRADICT
"In patients with congenital heart defects, β-blockers significantly improve clinical heart failure outcomes.",CONTRADICT
"In pediatric tissue, most T cells are naive T cell emigrants from the thymus.",SUPPORT
"In young and middle-aged adults, current or remote uses of ADHD medications do not increase the risk of serious cardiovascular events.",SUPPORT
"In young and middle-aged adults, current or remote uses of ADHD medications increase the risk of serious cardiovascular events.",CONTRADICT
Incidence of 10/66 dementia is higher than the incidence of DSM-IV dementia.,SUPPORT
Incidence of 10/66 dementia is lower than the incidence of DSM-IV dementia.,CONTRADICT
Incidence of heart failure decreased by 10% in women since 1979.,SUPPORT
Incidence of heart failure increased by 10% in women since 1979.,CONTRADICT
Incidence of sepsis has fallen substantially from 2009 to 2014.,CONTRADICT
Incidence rates of cervical cancer have increased due to nationwide screening programs based primarily on cytology to detect uterine cervical cancer.,CONTRADICT
Increased LDL receptors plays a role in the reduction of plasma Lp(a).,SUPPORT
Increased diastolic blood pressure (DBP) is associated with abdominal aortic aneurysm.,SUPPORT
Increased microtubule acetylation exacerbates LRRK2 Roc-COR domain mutation induced locomotor deficits.,CONTRADICT
Increased microtubule acetylation worsens interference of axonal transport caused by LRRK2 Roc-COR domain mutations.,CONTRADICT
Increased vessel density along with a reduction in fibrosis decreases the efficacy of chemotherapy treatments.,CONTRADICT
Individuals with Alzheimers who participate in six months of physical activity improve cognitive function for up to 18 months.,SUPPORT
Induction of urokinase receptor signaling in podocytes causes foot process effacement and proteinuria.,SUPPORT
Inhibiting HDAC6 increases survival of mice with ARID1A mutated tumors.,SUPPORT
Inhibiting focal adhesion formation enables cells to convert mechanical strain into eventual scarring.,CONTRADICT
Inhibiting glucose-6-phospate dehydrogenase improves lipogenesis by deactivating LKB1-AMPK signaling.,CONTRADICT
"Inositol lipid 3-phosphatase PTEN converts Ptdlns(3,4)P 2 into phosphatidylinositol 4-phosphate.",SUPPORT
"Inside the body, falciparum parasites reproduce asexually.",SUPPORT
Insomnia can be effectively treated with cognitive behavioral therapy.,SUPPORT
Insulin effects appetite via ventral tegmental neurons.,SUPPORT
Intake of folic acid (FA) and vitamin B6 (VB6) increases levels of homocysteine.,CONTRADICT
Intake of folic acid (FA) and vitamin B6 (VB6) reduces levels of homocysteine.,SUPPORT
Integrated care is successful at tackling multiple comorbidities.,SUPPORT
Interleukin-18 plays an important role in the pathogenesis of atherosclerosis.,SUPPORT
Intramembrane cleavage by signal peptide peptidase aids in the degradation of proteins with a complex membrane orientation.,SUPPORT
KLF4 is necessary for VSMCs to gain genetic characteristics of other cell types within atherosclerotic lesions.,SUPPORT
KRT17 modulates the expression of the transcriptional regulator AIRE in diseased epithelia.,SUPPORT
Kir7.1 modulates channel activity by the G protein-coupled melanocortin-4 receptor (MC4R) in the paraventricular nucleus of the hypothalamus.,SUPPORT
Klf4 is not required for proper myeloid cell differentiation.,CONTRADICT
Knockout proximal tubule-specific deletion of the BMP receptor Alk3 causes epithelial damage.,SUPPORT
LDL cholesterol has a causal role in the development of cardiovascular disease.,SUPPORT
LDL cholesterol has no involvement in the development of cardiovascular disease.,CONTRADICT
Lack of FGF21 in mice increases life expectancy.,CONTRADICT
Lack of FGF21 in mice leads to atherosclerotic plaque formation.,SUPPORT
Lack of FGF21 in mice leads to reduced lifespan.,SUPPORT
Lack of FGF21 in mice slows the rate of atherosclerotic plaque formation.,CONTRADICT
Leuko-increased blood increases infectious complications in red blood cell transfusion.,CONTRADICT
Leuko-reduced blood reduces infectious complications in red blood cell transfusion.,SUPPORT
Long chain polyunsaturated fatty acids supplementation is associated with lower rates of atopic eczema at 1 year.,SUPPORT
Low nucleosome occupancy correlates with low methylation levels across species.,CONTRADICT
Lupus-prone mice infected with curliproducing bacteria have higher autoantibody titers compared to controls.,SUPPORT
Ly49Q directs the organization of neutrophil migration to inflammation sites by regulating membrane raft functions.,SUPPORT
Ly49Q directs the organization of neutrophil polarization by regulating membrane raft functions.,SUPPORT
Ly6C hi monocytes have a higher inflammatory capacity than Ly6C lo monocytes.,SUPPORT
Ly6C hi monocytes have a lower inflammatory capacity than Ly6C lo monocytes.,CONTRADICT
Lymphadenopathy is observed in knockin mouse lacking the SHP-2 MAPK pathway.,SUPPORT
MEK inhibitors are effective treatments in RAS-driven mouse models of cancer.,SUPPORT
MFGE8 regulates fat absorption by binding to av-Beta3 and av-Beta5 integrins.,SUPPORT
MICAL redox enzymes regulate actin dynamics in many cell types.,SUPPORT
MICAL redox enzymes regulate actin dynamics.,SUPPORT
MUC1-C activates the NF-κB p65 signaling pathway by interacting with IκB kinase ß.,SUPPORT
Macrolides protect against myocardial infarction.,CONTRADICT
Macropinocytosis contributes to a cell's supply of amino acids via the intracellular uptake of protein.,SUPPORT
MafA phosphorylation decreases its ubiquitination.,CONTRADICT
MafA phosphorylation enhances its ubiquitination.,SUPPORT
MafA ubiquitination increases the recruitment of coavtivator P/CAF by MafA.,SUPPORT
Major antigen-induced signals from the T cell receptor and secondary signals from costimulatory receptors are required for T cell activation.,SUPPORT
Major vault protein (MVP) leads to more aggressive tumors by regulating the sorting of tumor suppressive miR-193a into extracellular vesicles (EVs).,SUPPORT
Major vault protein regulates sorting of tumor suppressive miR-193a into EVs.,SUPPORT
Many proteins in human cells can be post-translationally modified at lysine residues via acetylation.,SUPPORT
Mathematical models predict that using Artemisinin-based combination therapy over nongametocytocidal drugs have a dramatic impact in reducing malaria transmission.,CONTRADICT
Mathematical models predict that using Artemisinin-based combination therapy over nongametocytocidal drugs have only a modest impact in reducing malaria transmission.,SUPPORT
Medications to treat obesity are highly effective.,CONTRADICT
Medications to treat obesity have unwanted side effects.,SUPPORT
Men are more susceptible to death due to pneumonia when compared to women.,CONTRADICT
Metastatic colorectal cancer treated with a single agent fluoropyrimidines resulted in reduced efficacy and lower quality of life when compared with oxaliplatin-based chemotherapy in elderly patients.,SUPPORT
Metastatic colorectal cancer treated with a single agent fluoropyrimidines resulted in similar efficacy and better quality of life when compared with oxaliplatin-based chemotherapy in elderly patients.,CONTRADICT
Mice are incapable of producing neutralizing antibodies in reponse to the Chikungunya virus (CHIKV) produced in mosquitos.,CONTRADICT
Mice lacking Sirt1 in Sf1-expressing neurons are immune to diet-induced obesity and insulin resistance.,CONTRADICT
Mice lacking Sirt1 in Sf1-expressing neurons have increased susceptibility to diet-induced obesity and insulin resistance.,SUPPORT
Mice that lack Interferon-γ or its receptor exhibit high resistance to experimental autoimmune myocarditis.,CONTRADICT
Mice without IFN-γ or its receptor are highly susceptible to EAM induced with α-MyHC/CFA.,SUPPORT
MicroRNA is involved in the regulation of Neural Stem Cell (NSC) differentiation and proliferation dynamic homeostasis,SUPPORT
Microcin J25 encourages nucleoside triphosphate (NTP) binding.,CONTRADICT
Microglia are an innate immune cell type of the central nervous system.,SUPPORT
Microglia are an innate immune cell type of the peripheral nervous system.,CONTRADICT
Misunderstandings between doctors and patients can lead to non-adherence.,SUPPORT
Mitochondria are uninvolved in apoptosis.,CONTRADICT
Mitochondria play a major role in energy production.,SUPPORT
Mitochondria play a trivial role in calcium homeostasis.,CONTRADICT
Monoclonal antibody targeting of N-cadherin encourages castration resistance.,CONTRADICT
Monoclonal antibody targeting of N-cadherin encourages metastasis.,CONTRADICT
Monoclonal antibody targeting of N-cadherin inhibits castration resistance.,SUPPORT
Most termination events in Okazaki fragments are dictated by initiation patterns.,SUPPORT
Most termination events in Okazaki fragments are sequence specific.,SUPPORT
"Mouse models can be generated using ""artificial spermatids.""",SUPPORT
Mutant mice lacking SVCT2 have greatly increased ascorbic acid levels in both brain and adrenals.,CONTRADICT
Mutant mice lacking SVCT2 have severely reduced ascorbic acid levels in both brain and adrenals.,SUPPORT
Mutations in RIM1 decrease levels of IME1 RNA.,SUPPORT
Mutations in RIM1 raise levels of IME1 RNA.,CONTRADICT
Myelin sheaths play a role in action potential propagation.,SUPPORT
N348I mutations cause resistance to nevirapine.,SUPPORT
N348I mutations cause resistance to zidovudine (AZT).,SUPPORT
N348I mutations reduce resistance to nevirapine.,CONTRADICT
NFAT4 activation requires IP3R-mediated Ca2+ mobilization.,SUPPORT
NR5A2 does not play a role in development of endometrial tissues.,CONTRADICT
NR5A2 is important in development of endometrial tissues.,SUPPORT
Nanoparticles can be targeted against specific cell types by incorporating aptamers into lipid nanoparticles.,SUPPORT
Natriuretic peptides increase susceptibility to diabetes.,CONTRADICT
Natriuretic peptides protect against diabetes.,SUPPORT
Neutrophil extracellular trap (NET) antigens may contain the targeted autoantigens PR3 and MPO.,SUPPORT
Neutrophil extracellular traps (NETs) are released by ANCA-stimulated neutrophils.,SUPPORT
Neutrophils produce IL-1β in response to large particles.,SUPPORT
New drugs for tuberculosis often do not penetrate the necrotic portion of a tuberculosis lesion in high concentrations.,CONTRADICT
Non-invasive ventilation use should be decreased if there is inadequate response to conventional treatment.,CONTRADICT
Nonhuman primates are incapable of producing neutralizing antibodies in reponse to the Eilat virus (EILV) produced in mosquitos.,CONTRADICT
Noninvasive positive pressure ventilation is not predictive of acute respiratory failure after solid organ transplantation.,CONTRADICT
Nonsteroidal antinflammatory drugs are ineffective as cancer treatments.,CONTRADICT
Nonsteroidal antinflammatory drugs show potential anticancer indications.,SUPPORT
Normal expression of RUNX1 causes tumorsupressing effects.,SUPPORT
Normal expression of RUNX1 has tumor-promoting effects.,CONTRADICT
Normal granulomas form in the absence of TNF in Zebrafish.,SUPPORT
Obesity is determined solely by environmental factors.,CONTRADICT
Occupancy of ribosomes by IncRNAs mirror 5 0-UTRs,SUPPORT
Omnivores produce less trimethylamine N-oxide from dietary I-carnitine than vegans.,CONTRADICT
Omnivores produce less trimethylamine N-oxide from dietary I-carnitine than vegetarians.,CONTRADICT
Omnivores produce more trimethylamine N-oxide from dietary I-carnitine than vegans.,SUPPORT
Omnivores produce more trimethylamine N-oxide from dietary I-carnitine than vegetarians.,SUPPORT
One in two surgical randomized controlled trials are discontinued early.,CONTRADICT
Osteocytes have an essential role in G-CSF induced HSPC mobilization.,SUPPORT
PCSK9 inhibitors decrease plasma Lp(a) levels.,SUPPORT
PD-1 triggering on monocytes enhances IL-10 production by monocytes.,SUPPORT
PD-1 triggering on monocytes reduces IL-10 production by monocytes.,CONTRADICT
PDPN promotes efficient motility along stromal surfaces by activating the C-type lectin receptor to rearrange the actin cytoskeleton in dendritic cells.,SUPPORT
PKG-la does not have a large impact on expression of pain hypersensitivity in PGK-la knockout mice.,CONTRADICT
PKG-la does not have a large impact on expression of spinal long term potentiation in PGK-la knockout mice.,CONTRADICT
PKG-la plays an essential role in expression of pain hypersensitivity in PGK-la knockout mice.,SUPPORT
PKG-la plays an essential role in expression of spinal long term potentiation in PGK-la knockout mice.,SUPPORT
PTEN is a regulator for the transcriptional activity of SRF,SUPPORT
Participants who quit smoking reduce lung cancer risk by approximately 50%.,SUPPORT
Patients in stable partnerships have a faster progression from HIV to AIDS.,CONTRADICT
Patients in stable partnerships have a slower progression from HIV to AIDS.,SUPPORT
Patients with common epithelial cancers are less likely to have an emergency event as their first hospital admission if they live in resource-deprived areas.,CONTRADICT
Patients with microcytosis and higher erythrocyte count are more vulnerable to severe malarial anaemia when infected with Plasmodium falciparum.,CONTRADICT
Patients with microcytosis and higher erythrocyte count were more resistant to severe malarial anaemia when infected with Plasmodium falciparum.,SUPPORT
Patients with panic anxiety show decreased CSF levels of hypocretin.,CONTRADICT
Pediatric SCD patients with vaso-occlusive crisis show increased morphine use after breathing 80 ppm iNO for 4 hours.,SUPPORT
Peroxynitrite is required for induction of T cell tolerance.,SUPPORT
Peroxynitrite is required for nitration of TCR/CD8.,SUPPORT
Pharmacist attendance at ward rounds increases adverse events in wards.,CONTRADICT
Pharmacist attendance at ward rounds reduces adverse events in wards.,SUPPORT
Phase information is useful for predicting donor-recipient matches in organ transplantation.,SUPPORT
Physical activity does not improve cognitive function in individuals with Alzheimers.,CONTRADICT
Piezo1 channels are sensors for cell migration in epithelial cells.,SUPPORT
Pioglitazone use is significantly associated with an increased risk of pancreatic cancer.,SUPPORT
Pioglitazone use is significantly associated with an increased risk of prostate cancer.,SUPPORT
Pioneer factor OCT3/4 interacts with major chromatin remodeling factors.,SUPPORT
Podocytes are motile and migrate in the presence of injury.,SUPPORT
Polymeal nutrition increases cardiovascular mortality.,CONTRADICT
Polymeal nutrition reduces cardiovascular mortality.,SUPPORT
Post-transcriptional handling of mitochondrial transcripts occurs in mitochondrial RNA granules.,SUPPORT
Pre-mRNAs associated with spliceosomal components are less stable than unassociated splicing substrates.,CONTRADICT
Prescribed exercise training improves quality of life.,SUPPORT
Pretreatment with the Arp2/3 inhibitor CK-666 affects lamelliopodia formation.,SUPPORT
Primary cervical cancer screening with HPV detection has higher longitudinal sensitivity than conventional cytology to detect cervical intraepithelial neoplasia grade 2.,SUPPORT
Primary cervical cytology screening with HPV detection has higher longitudinal sensitivity to detect severe cervical intraepithelial neoplasia than conventional cytology.,SUPPORT
Pro-inflammatory cytokines are up regulated during tumor development.,SUPPORT
Progerin induces premature aging in stem cells.,SUPPORT
Propriospinal interneurons that play a role in the plastic reorganization of spinal circuits are integral for recovery from spinal cord injury.,SUPPORT
Proteins synthesized at the growth cone are ubiquitinated at a higher rate than proteins from the cell body.,SUPPORT
Pseudogene PTENP1 encodes a transcript that regulates PTEN expression.,SUPPORT
Pseudogene PTENP1 regulates the expression of PTEN by functioning as an miRNA decoy.,SUPPORT
Pyridostatin destabilizes the G - quadruplex in the telomeric region.,CONTRADICT
Pyridostatin encourages proliferation of homologous recombination - defective cells.,CONTRADICT
Pyridostatin induces checkpoint activation.,SUPPORT
Pyridostatin induces double-strand breaks accumulation.,SUPPORT
Pyridostatin reduces proliferation of homologous recombination - defective cells.,SUPPORT
RANK-RANKL pathway signalling has no known association with development of Aire-expressing medullary thymic epithelial cells.,CONTRADICT
RANK-RANKL pathway signalling is linked to development of Aire-expressing medullary thymic epithelial cells.,SUPPORT
RUNX1 is downregulated or mutated in TLX1 T-ALL.,SUPPORT
Radioiodine treatment of non-toxic multinodular goitre increases thyroid volume.,CONTRADICT
Radioiodine treatment of non-toxic multinodular goitre reduces thyroid volume.,SUPPORT
Rapid phosphotransfer rates are correlated with histidine kinase regulator specificity.,SUPPORT
Rapid phosphotransfer rates govern fidelity in two component systems,SUPPORT
Rapid up-regulation and higher basal expression of interferon-induced genes increase survival of granule cell neurons that are infected by West Nile virus.,SUPPORT
Rapid up-regulation and higher basal expression of interferon-induced genes reduce survival of granule cell neurons that are infected by West Nile virus.,CONTRADICT
Recognition of start codons depends on the translation initiation factor IF3.,SUPPORT
Recurrent mutations occur frequently within CTCF anchor sites adjacent to oncogenes.,SUPPORT
Reduced responsiveness to interleukin-2 in regulatory T cells is associated with autoimmune diseases such as Type 1 Diabetes.,SUPPORT
Reduced responsiveness to interleukin-2 in regulatory T cells is associated with greater resistance to autoimmune diseases such as Type 1 Diabetes.,CONTRADICT
Reduction of Rpl38 alters the composition of the Hox gene mRNAs translation in mice without lowering overall protein synthesis.,SUPPORT
Removal of H3K9me3 by ectopic expression of other H3K9 demethylases decreases reprogramming efficiency in SCNT experiments.,CONTRADICT
Removal of H3K9me3 by ectopic expression of other H3K9 demethylases improves reprogramming efficiency in SCNT experiments.,SUPPORT
Removal of H3K9me3 improves reprogramming efficiency in human somatic cell nuclear transfer experiments.,SUPPORT
Replacement of histone H2A with H2A.Z slows gene activation in yeasts by stabilizing +1 nucleosomes.,CONTRADICT
Repressing IL-18 has negative effects on atherosclerotic lesion composition and progression.,CONTRADICT
Retinoic acid receptor-related orphan receptor gamma (RORγ) is a therapeutic target for castration-resistant prostate cancer (CRPC),SUPPORT
Rhythmic expression of Cry1 translates directly into a circadian regulation of cAMP signaling in hepatic glucose metabolism.,SUPPORT
Ribosomopathies have a high degree of cell and tissue specific pathology.,SUPPORT
Risedronate increases risk of vertebral and non-vertebral fractures.,CONTRADICT
Risk of cardiovascular events can be cut by a third by using antihypertensive drug therapy among hemodialysis patients.,SUPPORT
Rotator cuff exercises are more effective than general exercise therapy in reducing pain and improving function of the shoulder.,SUPPORT
S-nitrosylated GAPDH physiologically transnitrosylates histone deacetylases.,SUPPORT
Scapular stabilizer exercises are more effective than general exercise therapy in reducing pain and improving function of the shoulder.,SUPPORT
Sepsis related mortality has remained stable between 2009-2014.,SUPPORT
Sepsis related mortality has risen from 2009 to 2014.,CONTRADICT
Side effects associated with antidepressants do not represent a mortality risk to postmenopausal women.,CONTRADICT
Side effects associated with antidepressants increases risk of stroke.,SUPPORT
Sildenafil improves erectile function in men who experience sexual dysfunction as a result of the use of SSRI antidepressants.,SUPPORT
Sildenafil worsens erectile function in men who experience sexual dysfunction as a result of the use of SSRI antidepressants.,CONTRADICT
Smc5/6 engagment drives the activation of SUMO E3 ligase Mms21 by ATP-dependent remolding.,SUPPORT
Smc5/6 engagment halts the activation of SUMO E3 ligase Mms21 by ATP-dependent remolding.,CONTRADICT
Splenomegaly is observed in knockin mouse lacking the SHP-2 MAPK pathway.,SUPPORT
Stiff substrates inhibit mesodermal differentiation by degrading beta-catenin in an integrin-dependent manner.,SUPPORT
Stroke patients with prior use of direct oral anticoagulants have a higher risk of in-hospital mortality than stroke patients with prior use of warfarin.,CONTRADICT
Stroke patients with prior use of direct oral anticoagulants have a lower risk of in-hospital mortality than stroke patients with prior use of warfarin.,SUPPORT
Students who perform poorly in the early years of medical school are at increased risk for professional misconduct later in their careers.,SUPPORT
Students who perform poorly in the early years of medical school are less likely to commit professional misconduct later in their careers.,CONTRADICT
Subcutaneous fat depots undergo extensive browning processes after cold exposure.,SUPPORT
Suboptimal nutrition is not predictive of chronic disease,CONTRADICT
"Surfactin producing cells and exopolymer producing cells cooperate to generate ""Van Gogh"" bundles that have sliding abilities on specialized media.",SUPPORT
Sympathetic nerve activity is elevated throughout normal pregnancy.,SUPPORT
Sympathetic nerve activity is reduced throughout normal pregnancy.,CONTRADICT
Synaptic activity enhances local release of brain derived neurotrophic factor from postsynaptic dendrites.,SUPPORT
Systemic immunosuppressive (IS) therapy does not enhance the chance of cancer mortality in patients with inflammatory eye disease (IED),SUPPORT
Systemic immunosuppressive (IS) therapy increases the chance of cancer mortality in patients with inflammatory eye disease (IED),CONTRADICT
T cell receptor /CD3 microdomains are required to induce the immunologic synapse.,SUPPORT
T regulatory cells (tTregs) lacking αvβ8 are more adept at suppressing pathogenic T-cell responses during active inflammation.,CONTRADICT
TCR/CD3 microdomains are a required to induce the immunologic synapse to activate T cells.,SUPPORT
TMEM27 is a marker for beta cells.,SUPPORT
TNFAIP3 is a glioblastoma tumor enhancer.,SUPPORT
TNFAIP3 is a glioblastoma tumor suppressor.,CONTRADICT
TNFAIP3 is a tumor enhancer in glioblastoma.,SUPPORT
TNFAIP3 is a tumor suppressor in glioblastoma.,CONTRADICT
TRAP+ osteoclasts regulate mature osteoblast maintenance.,SUPPORT
Taking 400mg of α-tocopheryl acetate does not prevent prostate cancer.,SUPPORT
Taking 400mg of α-tocopheryl acetate helps to prevent prostate cancer.,CONTRADICT
Taking 400mg of α-tocopheryl acetate in combination with vitamin C reduces the risk of prostate cancer.,CONTRADICT
Taking anti-depresents is associated with a decrease in the Aβ level in the brain of experimental animals.,SUPPORT
Taxation of sugar-sweetened beverages had no effect on the incidence rate of type II diabetes in India.,CONTRADICT
Taxation of sugar-sweetened beverages reduced the incidence rate of type II diabetes in India.,SUPPORT
Teaching hospitals do not provide better care than non-teaching hospitals.,SUPPORT
Ten percent (10%) of kidney cancers in the UK are attributable to excess weight.,SUPPORT
Tetraspanin-3 is a causative factor in the development of acute myelogenous leukemia,SUPPORT
The C-type lectin receptor (CLEC-2) rearranges the actin cytoskeleton in dendritic cells to promote efficient motility along stromal surfaces.,SUPPORT
The DESMOND program caused substantial weight loss in most participants.,CONTRADICT
The DESMOND program demonstrates no significant impact on biochemical outcomes.,SUPPORT
The DESMOND program demonstrates no significant impact on lifestyles outcomes.,SUPPORT
The DESMOND program demonstrates no significant impact on weight loss.,SUPPORT
The DdrB protein from Deinococcus radiodurans functions as a pentamer.,SUPPORT
The DdrB protein from Deinococcus radiodurans is an alternative SSB.,SUPPORT
The M2-phenotype in brown adipose tissue macrophages increases brown adipose tissue thermogenic activity.,SUPPORT
The PDPN gene deactivates the C-type lectin receptor (CLEC-2).,CONTRADICT
The PRDM1 gene is a key determinant of primordial germ cells.,SUPPORT
"The PRDM1 gene, when combined with the PRDM14 gene, plays an important role during primordial germ cell specification.",SUPPORT
The PRR MDA5 is a sensor of RNA virus infection.,SUPPORT
The RANK-RANK-Ligand (RANKL) pathway is involved in the development of Aire-expressing medullary thymic epithelial cells (mTECs).,SUPPORT
The US health care system can save up to $5 billion if 7% of patients waiting for kidney transplants participate in the optimized national kidney paired donation program.,CONTRADICT
The US health care system can save up to $750 million if 7% of patients waiting for kidney transplants participate in the optimized national kidney paired donation program.,SUPPORT
The center of the granuloma in an immune cell induces a pro-inflammatory immune response.,SUPPORT
The combination of physical examinations with C-reactive protein values do not improve the accuracy of radiographic verified pneumonia predictions.,CONTRADICT
The deamination of cytidine to uridine on the minus strand of viral DNA can inactivate the viral genome by inducing G-to-A mutations.,SUPPORT
The density of cytokine receptor bearing cells affects the distance over which cytokines act.,SUPPORT
The density of cytokine receptor bearing cells has no effect on the distance over which cytokines act.,CONTRADICT
The latent infection of myeloid cells with human cytomegalovirus induces a number of changes in gene expression.,SUPPORT
The mean suicide rate in women is lower after miscarriage than live birth.,CONTRADICT
The microtubule-dependent delivery and secretion of matrix metalloproteases (MMPs) is partially responsible for the disassembly of adhesion sites.,SUPPORT
The minor G allele of FOXO3 is related to less severe symptoms of Crohn's Disease.,SUPPORT
The minor G allele of FOXO3 is related to more severe symptoms of Crohn's Disease.,CONTRADICT
The minor G allele of FOXO3 up-regulates IL-10.,SUPPORT
The most prevalent adverse events to Semaglutide are cardiovascular.,CONTRADICT
The most prevalent adverse events to Semaglutide are gastrointestinal.,SUPPORT
The myocardial lineage develops from cardiac progenitors of mesodermal origin.,SUPPORT
The one-child policy has created a hospitable environment for female infants.,CONTRADICT
The peak incidence of fractures occurs during pubertal growth spurt in early adolescents.,SUPPORT
The peak incidence of fractures occurs in toddlers.,CONTRADICT
The proliferative capacity of neural progenitors differs across species.,SUPPORT
The proliferative capacity of progenitors is regulated cell-autonomously.,SUPPORT
The recruitment of Wdr5 to its target loci depends on Kat8.,SUPPORT
The relationship between a breast cancer patient's capacity to metabolize tamoxifen and treatment outcome is dependent on the patient's genetic make-up.,SUPPORT
The relationship between a breast cancer patient's capacity to metabolize tamoxifen and treatment outcome is independent of the patient's genetic make-up.,CONTRADICT
The removal of reactive oxygen species by activated oncogenes contributes to the increased genomic instability of leukaemia cells.,CONTRADICT
The repair of Cas9-induced double strand breaks in human DNA is error-prone.,SUPPORT
The repeat-variable diresidue (RVD) in the loop of Transcription-Activator Like (TAL) effectors specifies the nucleotides-amino acid contact at the target promoter element.,SUPPORT
The risk of breast cancer among parous women decreases with placental weight of pregnancies.,CONTRADICT
"The risk of breast cancer among parous women increases with placental weight of pregnancies, and this association is strongest for premenopausal breast cancer.",SUPPORT
The risk of cancer rises with level of alcohol consumption.,SUPPORT
The risk of female prisoners harming themselves is ten times that of male prisoners.,SUPPORT
The severity of cardiac involvement in amyloidosis can be described by the degree of transmurality of late gadolinium enhancement in MRI.,SUPPORT
The tip of the inner tube of the toxic type VI secretion system (T6SS) antibacterial effector in Escherichia coli (E. coli) carries toxic effector proteins.,SUPPORT
The tissue surrounding the granuloma in an immune cell induces an anti-inflammatory immune response.,SUPPORT
Therapeutics receiving accelerated approval encounter a lower frequency of post-marketing safety events,CONTRADICT
There is a positive correlation between hip fractures and statin use.,CONTRADICT
There is a relation between Erythromycin use and hypertrophic pyloric stenosis.,SUPPORT
There is an inverse relationship between hip fractures and statin use.,SUPPORT
There is no increased risk of hypospadias with clomiphene.,CONTRADICT
There is no known interaction between Pioneer factor OCT3/4 and major chromatin remodeling factors.,CONTRADICT
There is no relation between Erythromycin use and hypertrophic pyloric stenosis.,CONTRADICT
Tirasemtiv has no effect on fast-twitch muscle.,CONTRADICT
Tirasemtiv targets fast-twitch muscle.,SUPPORT
"Trans-acting factors, such as lncRNAs, influence mRNA translation.",SUPPORT
Transcription factor EB induces transcription of pro-inflammatory cytokines in macrophages infected with Staphylococcus aureus.,SUPPORT
Transplanted human glial cells can differentiate within the host animal.,SUPPORT
Transplanted human glial progenitor cells are incapable of forming a neural network with host animals' neurons.,CONTRADICT
Transplanted human glial progenitor cells can mature in their host animal.,SUPPORT
Treatment with a protein named FN impairs regenerative abilities of aged muscles.,CONTRADICT
Treatment with a protein named FN restores regenerative abilities of aged muscles.,SUPPORT
Tuberculosis incidence occurs at higher rates in more sparsely populated areas in the UK.,CONTRADICT
Tuberculosis-induced granulomas express different immune system protein signatures than the surrounding tissue.,SUPPORT
Two variants of chromosome 6q21 are associated with radiation therapy-induced second malignancies in pediatric Hodgkin lymphoma patients.,SUPPORT
Type 1 Diabetes is associated with subtle perturbations in T reg development.,SUPPORT
UCB T cells maintain high TCR diversity after transplantation.,SUPPORT
UCB T cells reduce TCR diversity after transplantation.,CONTRADICT
Ubiquitin ligase UBC13 generates a K63-linked polyubiquitin moiety at PCNA K164.,SUPPORT
Ultrasound guidance significantly raises the number of traumatic procedures when attempting needle insertion.,CONTRADICT
Ultrasound guidance significantly reduces the number of needle insertion attempts necessary for a given procedure.,SUPPORT
Ultrasound guidance significantly reduces the number of traumatic procedures when attempting needle insertion.,SUPPORT
"Upon developing tyrosine-kinase inhibitor resistance, new mutations in epidermal growth factor receptors emerge and cause treatment failure.",SUPPORT
"Upon viral challenge, influenza-specific memory CD4+ T cells greatly diminish the early production of inflammatory chemokines in the lung.",CONTRADICT
"Upon viral challenge, influenza-specific memory CD4+ T cells greatly enhance the early production of inflammatory chemokines in the lung.",SUPPORT
Upregulation of mosGCTL-1 is induced upon infection with West Nile virus.,SUPPORT
V-9302 inhibits antitumor responses by decreasing cell death and oxidative stress.,CONTRADICT
Vaccinating the gastrointestinal tract induces protection of rectal and vaginal mucosa.,SUPPORT
Varenicline monotherapy is more effective after 12 weeks of treatment compared to combination nicotine replacement therapies with varenicline or bupropion.,CONTRADICT
Varenicline monotherapy is more effective after 26 weeks of treatment compared to combination nicotine replacement therapies with varenicline or bupropion.,CONTRADICT
Vitamin D deficiency effects birth weight.,SUPPORT
Vitamin D deficiency effects the term of delivery.,SUPPORT
Vitamin D deficiency is unrelated to birth weight.,CONTRADICT
Vitamin D is an important factor in the relationship between calcium and parathyroid hormone.,SUPPORT
Walking in traffic areas in London did not improve lung function in elderly adults.,SUPPORT
Walking in traffic areas in London improves lung function in elderly adults.,CONTRADICT
Women are more susceptible to death due to pneumonia when compared to men.,SUPPORT
Women with a higher birth weight are more likely to develop breast cancer later in life.,SUPPORT
Women with a lower birth weight are more likely to develop breast cancer later in life.,CONTRADICT
YAP/TAZ is required in intestinal regeneration in mouse models of ulcerative colitis.,SUPPORT
aPKCz causes tumour enhancement by affecting glutamine metabolism.,CONTRADICT
aPKCz causes tumour suppression by affecting glutamine metabolism.,SUPPORT
cSMAC formation enhances weak ligand signalling.,SUPPORT
cSMAC formation represses weak ligand signalling.,CONTRADICT
mTORC2 regulates intracellular cysteine levels through xCT inhibition.,SUPPORT
mcm 5 s 2 U is required for proper decoding of NNR codons in eukaryotes.,SUPPORT
miR-142-5P is a known regulator of raised body temperature.,SUPPORT
miRNAs enforce homeostasis by suppressing low-level ''leaky'' transcription.,SUPPORT
siRNA knockdown of A20 slows tumor progression in an in vivo murine xenograft model.,SUPPORT
β-sheet opening occurs during pleurotolysin pore formation.,SUPPORT
